path	age	gender
common_voice_ko_41105402.mp3	thirties	male_masculine
common_voice_ko_40952191.mp3	thirties	female_feminine
common_voice_ko_37977382.mp3	twenties	male_masculine
common_voice_ko_36326823.mp3	teens	female_feminine
common_voice_ko_41341797.mp3	teens	female_feminine
common_voice_ko_41342328.mp3	teens	female_feminine
common_voice_ko_36331016.mp3	teens	female_feminine
common_voice_ko_36331017.mp3	teens	female_feminine
common_voice_ko_39610437.mp3	twenties	male_masculine
common_voice_ko_39610438.mp3	twenties	male_masculine
common_voice_ko_41668845.mp3	twenties	female_feminine
common_voice_ko_41668884.mp3	twenties	female_feminine
common_voice_ko_41595581.mp3	fifties	female_feminine
common_voice_ko_41595612.mp3	fifties	female_feminine
common_voice_ko_41595641.mp3	fifties	female_feminine
common_voice_ko_39046413.mp3	twenties	male_masculine
common_voice_ko_39046740.mp3	twenties	male_masculine
common_voice_ko_39046869.mp3	twenties	male_masculine
common_voice_ko_39571266.mp3	twenties	male_masculine
common_voice_ko_39571273.mp3	twenties	male_masculine
common_voice_ko_39571277.mp3	twenties	male_masculine
common_voice_ko_37439339.mp3	teens	male_masculine
common_voice_ko_37439340.mp3	teens	male_masculine
common_voice_ko_37439348.mp3	teens	male_masculine
common_voice_ko_41036287.mp3	twenties	female_feminine
common_voice_ko_41036338.mp3	twenties	female_feminine
common_voice_ko_41036344.mp3	twenties	female_feminine
common_voice_ko_40495304.mp3	twenties	male_masculine
common_voice_ko_40495307.mp3	twenties	male_masculine
common_voice_ko_40495333.mp3	twenties	male_masculine
common_voice_ko_40495437.mp3	twenties	male_masculine
common_voice_ko_38257689.mp3	thirties	male_masculine
common_voice_ko_38257690.mp3	thirties	male_masculine
common_voice_ko_38257691.mp3	thirties	male_masculine
common_voice_ko_38257692.mp3	thirties	male_masculine
common_voice_ko_37018705.mp3	twenties	male_masculine
common_voice_ko_37018708.mp3	twenties	male_masculine
common_voice_ko_37018718.mp3	twenties	male_masculine
common_voice_ko_37018719.mp3	twenties	male_masculine
common_voice_ko_36474940.mp3	twenties	male_masculine
common_voice_ko_36474948.mp3	twenties	male_masculine
common_voice_ko_36474949.mp3	twenties	male_masculine
common_voice_ko_36655270.mp3	twenties	male_masculine
common_voice_ko_36655271.mp3	twenties	male_masculine
common_voice_ko_36655273.mp3	twenties	male_masculine
common_voice_ko_36655275.mp3	twenties	male_masculine
common_voice_ko_39081982.mp3	twenties	male_masculine
common_voice_ko_39082000.mp3	twenties	male_masculine
common_voice_ko_39082057.mp3	twenties	male_masculine
common_voice_ko_39082076.mp3	twenties	male_masculine
common_voice_ko_39082078.mp3	twenties	male_masculine
common_voice_ko_39082124.mp3	twenties	male_masculine
common_voice_ko_39476318.mp3	thirties	female_feminine
common_voice_ko_39476322.mp3	thirties	female_feminine
common_voice_ko_39476325.mp3	thirties	female_feminine
common_voice_ko_39476326.mp3	thirties	female_feminine
common_voice_ko_39476327.mp3	thirties	female_feminine
common_voice_ko_39476341.mp3	thirties	female_feminine
common_voice_ko_39476345.mp3	thirties	female_feminine
common_voice_ko_39476347.mp3	thirties	female_feminine
common_voice_ko_38998445.mp3	twenties	female_feminine
common_voice_ko_38998472.mp3	twenties	female_feminine
common_voice_ko_38998489.mp3	twenties	female_feminine
common_voice_ko_38998565.mp3	twenties	female_feminine
common_voice_ko_38998567.mp3	twenties	female_feminine
common_voice_ko_38998599.mp3	twenties	female_feminine
common_voice_ko_38998622.mp3	twenties	female_feminine
common_voice_ko_38998743.mp3	twenties	female_feminine
common_voice_ko_38998784.mp3	twenties	female_feminine
common_voice_ko_38998787.mp3	twenties	female_feminine
common_voice_ko_36802408.mp3	teens	male_masculine
common_voice_ko_36802409.mp3	teens	male_masculine
common_voice_ko_36802412.mp3	teens	male_masculine
common_voice_ko_36802422.mp3	teens	male_masculine
common_voice_ko_36802435.mp3	teens	male_masculine
common_voice_ko_36802469.mp3	teens	male_masculine
common_voice_ko_36802470.mp3	teens	male_masculine
common_voice_ko_36802471.mp3	teens	male_masculine
common_voice_ko_36802490.mp3	teens	male_masculine
common_voice_ko_36802505.mp3	teens	male_masculine
common_voice_ko_36802506.mp3	teens	male_masculine
common_voice_ko_39037996.mp3	twenties	female_feminine
common_voice_ko_39038027.mp3	twenties	female_feminine
common_voice_ko_39038028.mp3	twenties	female_feminine
common_voice_ko_39038046.mp3	twenties	female_feminine
common_voice_ko_39038047.mp3	twenties	female_feminine
common_voice_ko_39038071.mp3	twenties	female_feminine
common_voice_ko_39038072.mp3	twenties	female_feminine
common_voice_ko_39038093.mp3	twenties	female_feminine
common_voice_ko_39038144.mp3	twenties	female_feminine
common_voice_ko_39038156.mp3	twenties	female_feminine
common_voice_ko_39038398.mp3	twenties	female_feminine
common_voice_ko_39038401.mp3	twenties	female_feminine
common_voice_ko_36438704.mp3	fourties	male_masculine
common_voice_ko_36438706.mp3	fourties	male_masculine
common_voice_ko_36438713.mp3	fourties	male_masculine
common_voice_ko_36438714.mp3	fourties	male_masculine
common_voice_ko_36438715.mp3	fourties	male_masculine
common_voice_ko_36438716.mp3	fourties	male_masculine
common_voice_ko_36438717.mp3	fourties	male_masculine
common_voice_ko_36455824.mp3	fourties	male_masculine
common_voice_ko_36455825.mp3	fourties	male_masculine
common_voice_ko_36455828.mp3	fourties	male_masculine
common_voice_ko_36455842.mp3	fourties	male_masculine
common_voice_ko_36455843.mp3	fourties	male_masculine
common_voice_ko_37597007.mp3	twenties	male_masculine
common_voice_ko_37597008.mp3	twenties	male_masculine
common_voice_ko_37597009.mp3	twenties	male_masculine
common_voice_ko_37597011.mp3	twenties	male_masculine
common_voice_ko_37597013.mp3	twenties	male_masculine
common_voice_ko_37597038.mp3	twenties	male_masculine
common_voice_ko_37597039.mp3	twenties	male_masculine
common_voice_ko_37597040.mp3	twenties	male_masculine
common_voice_ko_37597042.mp3	twenties	male_masculine
common_voice_ko_37597043.mp3	twenties	male_masculine
common_voice_ko_37597064.mp3	twenties	male_masculine
common_voice_ko_37597065.mp3	twenties	male_masculine
common_voice_ko_37597066.mp3	twenties	male_masculine
common_voice_ko_37597067.mp3	twenties	male_masculine
common_voice_ko_39081988.mp3	twenties	female_feminine
common_voice_ko_39082012.mp3	twenties	female_feminine
common_voice_ko_39082018.mp3	twenties	female_feminine
common_voice_ko_39082021.mp3	twenties	female_feminine
common_voice_ko_39082116.mp3	twenties	female_feminine
common_voice_ko_39082133.mp3	twenties	female_feminine
common_voice_ko_39082224.mp3	twenties	female_feminine
common_voice_ko_39082226.mp3	twenties	female_feminine
common_voice_ko_39082264.mp3	twenties	female_feminine
common_voice_ko_39082311.mp3	twenties	female_feminine
common_voice_ko_39082338.mp3	twenties	female_feminine
common_voice_ko_39082343.mp3	twenties	female_feminine
common_voice_ko_39082449.mp3	twenties	female_feminine
common_voice_ko_39082487.mp3	twenties	female_feminine
common_voice_ko_40620768.mp3	twenties	female_feminine
common_voice_ko_40620769.mp3	twenties	female_feminine
common_voice_ko_40620778.mp3	twenties	female_feminine
common_voice_ko_40620801.mp3	twenties	female_feminine
common_voice_ko_40620807.mp3	twenties	female_feminine
common_voice_ko_40620812.mp3	twenties	female_feminine
common_voice_ko_40620813.mp3	twenties	female_feminine
common_voice_ko_40620847.mp3	twenties	female_feminine
common_voice_ko_40620849.mp3	twenties	female_feminine
common_voice_ko_36800748.mp3	twenties	male_masculine
common_voice_ko_36800749.mp3	twenties	male_masculine
common_voice_ko_36800750.mp3	twenties	male_masculine
common_voice_ko_36800751.mp3	twenties	male_masculine
common_voice_ko_36800752.mp3	twenties	male_masculine
common_voice_ko_36800753.mp3	twenties	male_masculine
common_voice_ko_36800754.mp3	twenties	male_masculine
common_voice_ko_36800756.mp3	twenties	male_masculine
common_voice_ko_36800757.mp3	twenties	male_masculine
common_voice_ko_36800759.mp3	twenties	male_masculine
common_voice_ko_36800760.mp3	twenties	male_masculine
common_voice_ko_36800761.mp3	twenties	male_masculine
common_voice_ko_36800762.mp3	twenties	male_masculine
common_voice_ko_36800763.mp3	twenties	male_masculine
common_voice_ko_36800764.mp3	twenties	male_masculine
common_voice_ko_36800765.mp3	twenties	male_masculine
common_voice_ko_38383607.mp3	twenties	male_masculine
common_voice_ko_38383609.mp3	twenties	male_masculine
common_voice_ko_38383612.mp3	twenties	male_masculine
common_voice_ko_38383613.mp3	twenties	male_masculine
common_voice_ko_38383614.mp3	twenties	male_masculine
common_voice_ko_38383615.mp3	twenties	male_masculine
common_voice_ko_38383618.mp3	twenties	male_masculine
common_voice_ko_38383619.mp3	twenties	male_masculine
common_voice_ko_38383620.mp3	twenties	male_masculine
common_voice_ko_38383622.mp3	twenties	male_masculine
common_voice_ko_38383626.mp3	twenties	male_masculine
common_voice_ko_38383629.mp3	twenties	male_masculine
common_voice_ko_38383630.mp3	twenties	male_masculine
common_voice_ko_38383631.mp3	twenties	male_masculine
common_voice_ko_38383632.mp3	twenties	male_masculine
common_voice_ko_38383634.mp3	twenties	male_masculine
common_voice_ko_38383635.mp3	twenties	male_masculine
common_voice_ko_38383636.mp3	twenties	male_masculine
common_voice_ko_38383637.mp3	twenties	male_masculine
common_voice_ko_36890292.mp3	twenties	male_masculine
common_voice_ko_36890293.mp3	twenties	male_masculine
common_voice_ko_36890295.mp3	twenties	male_masculine
common_voice_ko_36890351.mp3	twenties	male_masculine
common_voice_ko_36890353.mp3	twenties	male_masculine
common_voice_ko_36890355.mp3	twenties	male_masculine
common_voice_ko_36890381.mp3	twenties	male_masculine
common_voice_ko_36890541.mp3	twenties	male_masculine
common_voice_ko_36890542.mp3	twenties	male_masculine
common_voice_ko_36890609.mp3	twenties	male_masculine
common_voice_ko_36890610.mp3	twenties	male_masculine
common_voice_ko_36890611.mp3	twenties	male_masculine
common_voice_ko_36890640.mp3	twenties	male_masculine
common_voice_ko_36890642.mp3	twenties	male_masculine
common_voice_ko_36890701.mp3	twenties	male_masculine
common_voice_ko_36890765.mp3	twenties	male_masculine
common_voice_ko_36890766.mp3	twenties	male_masculine
common_voice_ko_36890767.mp3	twenties	male_masculine
common_voice_ko_36890768.mp3	twenties	male_masculine
common_voice_ko_35971950.mp3	teens	male_masculine
common_voice_ko_35971951.mp3	teens	male_masculine
common_voice_ko_35971952.mp3	teens	male_masculine
common_voice_ko_35971953.mp3	teens	male_masculine
common_voice_ko_35971974.mp3	teens	male_masculine
common_voice_ko_35971975.mp3	teens	male_masculine
common_voice_ko_35971976.mp3	teens	male_masculine
common_voice_ko_35971977.mp3	teens	male_masculine
common_voice_ko_35971978.mp3	teens	male_masculine
common_voice_ko_35972004.mp3	teens	male_masculine
common_voice_ko_35972005.mp3	teens	male_masculine
common_voice_ko_35972007.mp3	teens	male_masculine
common_voice_ko_35972008.mp3	teens	male_masculine
common_voice_ko_35972028.mp3	teens	male_masculine
common_voice_ko_35972029.mp3	teens	male_masculine
common_voice_ko_35972033.mp3	teens	male_masculine
common_voice_ko_35972097.mp3	teens	male_masculine
common_voice_ko_35972099.mp3	teens	male_masculine
common_voice_ko_35972100.mp3	teens	male_masculine
common_voice_ko_35972149.mp3	teens	male_masculine
common_voice_ko_35972151.mp3	teens	male_masculine
common_voice_ko_35972153.mp3	teens	male_masculine
common_voice_ko_35972155.mp3	teens	male_masculine
common_voice_ko_37211921.mp3	twenties	male_masculine
common_voice_ko_37211924.mp3	twenties	male_masculine
common_voice_ko_37211925.mp3	twenties	male_masculine
common_voice_ko_37211926.mp3	twenties	male_masculine
common_voice_ko_37211929.mp3	twenties	male_masculine
common_voice_ko_37211933.mp3	twenties	male_masculine
common_voice_ko_37211936.mp3	twenties	male_masculine
common_voice_ko_37211937.mp3	twenties	male_masculine
common_voice_ko_37211940.mp3	twenties	male_masculine
common_voice_ko_37211941.mp3	twenties	male_masculine
common_voice_ko_37211943.mp3	twenties	male_masculine
common_voice_ko_37211944.mp3	twenties	male_masculine
common_voice_ko_37211945.mp3	twenties	male_masculine
common_voice_ko_37211946.mp3	twenties	male_masculine
common_voice_ko_37211958.mp3	twenties	male_masculine
common_voice_ko_37211959.mp3	twenties	male_masculine
common_voice_ko_37211971.mp3	twenties	male_masculine
common_voice_ko_37211972.mp3	twenties	male_masculine
common_voice_ko_37211988.mp3	twenties	male_masculine
common_voice_ko_37211989.mp3	twenties	male_masculine
common_voice_ko_37212000.mp3	twenties	male_masculine
common_voice_ko_37212010.mp3	twenties	male_masculine
common_voice_ko_37212011.mp3	twenties	male_masculine
common_voice_ko_37212020.mp3	twenties	male_masculine
common_voice_ko_37212021.mp3	twenties	male_masculine
common_voice_ko_37212023.mp3	twenties	male_masculine
common_voice_ko_37195144.mp3	thirties	male_masculine
common_voice_ko_37195145.mp3	thirties	male_masculine
common_voice_ko_37195146.mp3	thirties	male_masculine
common_voice_ko_37195147.mp3	thirties	male_masculine
common_voice_ko_37195153.mp3	thirties	male_masculine
common_voice_ko_37195154.mp3	thirties	male_masculine
common_voice_ko_37195156.mp3	thirties	male_masculine
common_voice_ko_37195158.mp3	thirties	male_masculine
common_voice_ko_37195167.mp3	thirties	male_masculine
common_voice_ko_37195173.mp3	thirties	male_masculine
common_voice_ko_37195176.mp3	thirties	male_masculine
common_voice_ko_37195177.mp3	thirties	male_masculine
common_voice_ko_37195189.mp3	thirties	male_masculine
common_voice_ko_37195192.mp3	thirties	male_masculine
common_voice_ko_37195194.mp3	thirties	male_masculine
common_voice_ko_37195197.mp3	thirties	male_masculine
common_voice_ko_37195199.mp3	thirties	male_masculine
common_voice_ko_37195200.mp3	thirties	male_masculine
common_voice_ko_37195205.mp3	thirties	male_masculine
common_voice_ko_37195208.mp3	thirties	male_masculine
common_voice_ko_37195209.mp3	thirties	male_masculine
common_voice_ko_37195211.mp3	thirties	male_masculine
common_voice_ko_37195212.mp3	thirties	male_masculine
common_voice_ko_37195213.mp3	thirties	male_masculine
common_voice_ko_37195216.mp3	thirties	male_masculine
common_voice_ko_37195222.mp3	thirties	male_masculine
common_voice_ko_39968128.mp3	thirties	male_masculine
common_voice_ko_39968135.mp3	thirties	male_masculine
common_voice_ko_39968167.mp3	thirties	male_masculine
common_voice_ko_36394271.mp3	thirties	male_masculine
common_voice_ko_36394272.mp3	thirties	male_masculine
common_voice_ko_36394273.mp3	thirties	male_masculine
common_voice_ko_36396940.mp3	fourties	male_masculine
common_voice_ko_36396941.mp3	fourties	male_masculine
common_voice_ko_36396942.mp3	fourties	male_masculine
common_voice_ko_36396944.mp3	fourties	male_masculine
common_voice_ko_36412914.mp3	fourties	male_masculine
common_voice_ko_36412915.mp3	fourties	male_masculine
common_voice_ko_36412916.mp3	fourties	male_masculine
common_voice_ko_36412917.mp3	fourties	male_masculine
common_voice_ko_36416346.mp3	fourties	male_masculine
common_voice_ko_36416347.mp3	fourties	male_masculine
common_voice_ko_36416348.mp3	fourties	male_masculine
common_voice_ko_36416349.mp3	fourties	male_masculine
common_voice_ko_36416350.mp3	fourties	male_masculine
common_voice_ko_36433058.mp3	fourties	male_masculine
common_voice_ko_36433059.mp3	fourties	male_masculine
common_voice_ko_36433060.mp3	fourties	male_masculine
common_voice_ko_36433061.mp3	fourties	male_masculine
common_voice_ko_36458008.mp3	fourties	male_masculine
common_voice_ko_36458009.mp3	fourties	male_masculine
common_voice_ko_36832967.mp3	fourties	male_masculine
common_voice_ko_36832969.mp3	fourties	male_masculine
common_voice_ko_36835724.mp3	fourties	male_masculine
common_voice_ko_36835725.mp3	fourties	male_masculine
common_voice_ko_37451174.mp3	fourties	male_masculine
common_voice_ko_38552847.mp3	fourties	male_masculine
common_voice_ko_38552848.mp3	fourties	male_masculine
common_voice_ko_36314559.mp3	twenties	female_feminine
common_voice_ko_36314560.mp3	twenties	female_feminine
common_voice_ko_36314561.mp3	twenties	female_feminine
common_voice_ko_36314562.mp3	twenties	female_feminine
common_voice_ko_36314563.mp3	twenties	female_feminine
common_voice_ko_36314570.mp3	twenties	female_feminine
common_voice_ko_36314578.mp3	twenties	female_feminine
common_voice_ko_36314592.mp3	twenties	female_feminine
common_voice_ko_36314601.mp3	twenties	female_feminine
common_voice_ko_36314612.mp3	twenties	female_feminine
common_voice_ko_36314613.mp3	twenties	female_feminine
common_voice_ko_36314620.mp3	twenties	female_feminine
common_voice_ko_36314622.mp3	twenties	female_feminine
common_voice_ko_36314623.mp3	twenties	female_feminine
common_voice_ko_36314629.mp3	twenties	female_feminine
common_voice_ko_36314650.mp3	twenties	female_feminine
common_voice_ko_36314656.mp3	twenties	female_feminine
common_voice_ko_36314664.mp3	twenties	female_feminine
common_voice_ko_36314666.mp3	twenties	female_feminine
common_voice_ko_36314677.mp3	twenties	female_feminine
common_voice_ko_36314686.mp3	twenties	female_feminine
common_voice_ko_36314693.mp3	twenties	female_feminine
common_voice_ko_36314694.mp3	twenties	female_feminine
common_voice_ko_36314695.mp3	twenties	female_feminine
common_voice_ko_36314697.mp3	twenties	female_feminine
common_voice_ko_36314698.mp3	twenties	female_feminine
common_voice_ko_36314699.mp3	twenties	female_feminine
common_voice_ko_36314700.mp3	twenties	female_feminine
common_voice_ko_36314701.mp3	twenties	female_feminine
common_voice_ko_36314702.mp3	twenties	female_feminine
common_voice_ko_37159811.mp3	twenties	male_masculine
common_voice_ko_37159812.mp3	twenties	male_masculine
common_voice_ko_37159814.mp3	twenties	male_masculine
common_voice_ko_37159816.mp3	twenties	male_masculine
common_voice_ko_37159817.mp3	twenties	male_masculine
common_voice_ko_37159818.mp3	twenties	male_masculine
common_voice_ko_37159819.mp3	twenties	male_masculine
common_voice_ko_37159820.mp3	twenties	male_masculine
common_voice_ko_37159821.mp3	twenties	male_masculine
common_voice_ko_37159822.mp3	twenties	male_masculine
common_voice_ko_37159823.mp3	twenties	male_masculine
common_voice_ko_37159824.mp3	twenties	male_masculine
common_voice_ko_37159826.mp3	twenties	male_masculine
common_voice_ko_37159827.mp3	twenties	male_masculine
common_voice_ko_37159828.mp3	twenties	male_masculine
common_voice_ko_37159829.mp3	twenties	male_masculine
common_voice_ko_37159830.mp3	twenties	male_masculine
common_voice_ko_37159831.mp3	twenties	male_masculine
common_voice_ko_37159832.mp3	twenties	male_masculine
common_voice_ko_37159833.mp3	twenties	male_masculine
common_voice_ko_37159836.mp3	twenties	male_masculine
common_voice_ko_37159837.mp3	twenties	male_masculine
common_voice_ko_37159838.mp3	twenties	male_masculine
common_voice_ko_37159839.mp3	twenties	male_masculine
common_voice_ko_37159841.mp3	twenties	male_masculine
common_voice_ko_37159843.mp3	twenties	male_masculine
common_voice_ko_37159845.mp3	twenties	male_masculine
common_voice_ko_36545184.mp3	thirties	male_masculine
common_voice_ko_36545185.mp3	thirties	male_masculine
common_voice_ko_36545186.mp3	thirties	male_masculine
common_voice_ko_36545187.mp3	thirties	male_masculine
common_voice_ko_36545188.mp3	thirties	male_masculine
common_voice_ko_36545189.mp3	thirties	male_masculine
common_voice_ko_36545191.mp3	thirties	male_masculine
common_voice_ko_36545192.mp3	thirties	male_masculine
common_voice_ko_36545194.mp3	thirties	male_masculine
common_voice_ko_36545196.mp3	thirties	male_masculine
common_voice_ko_36545197.mp3	thirties	male_masculine
common_voice_ko_36545198.mp3	thirties	male_masculine
common_voice_ko_36545199.mp3	thirties	male_masculine
common_voice_ko_36545200.mp3	thirties	male_masculine
common_voice_ko_36545201.mp3	thirties	male_masculine
common_voice_ko_36545202.mp3	thirties	male_masculine
common_voice_ko_36545209.mp3	thirties	male_masculine
common_voice_ko_36545211.mp3	thirties	male_masculine
common_voice_ko_36545212.mp3	thirties	male_masculine
common_voice_ko_36545213.mp3	thirties	male_masculine
common_voice_ko_36545219.mp3	thirties	male_masculine
common_voice_ko_36545220.mp3	thirties	male_masculine
common_voice_ko_36545222.mp3	thirties	male_masculine
common_voice_ko_36545223.mp3	thirties	male_masculine
common_voice_ko_36545224.mp3	thirties	male_masculine
common_voice_ko_36545225.mp3	thirties	male_masculine
common_voice_ko_36545228.mp3	thirties	male_masculine
common_voice_ko_36545229.mp3	thirties	male_masculine
common_voice_ko_36545230.mp3	thirties	male_masculine
common_voice_ko_36545231.mp3	thirties	male_masculine
common_voice_ko_36545232.mp3	thirties	male_masculine
common_voice_ko_36545233.mp3	thirties	male_masculine
common_voice_ko_36545234.mp3	thirties	male_masculine
common_voice_ko_36545236.mp3	thirties	male_masculine
common_voice_ko_36545237.mp3	thirties	male_masculine
common_voice_ko_36545238.mp3	thirties	male_masculine
common_voice_ko_36545239.mp3	thirties	male_masculine
common_voice_ko_36545240.mp3	thirties	male_masculine
common_voice_ko_36545242.mp3	thirties	male_masculine
common_voice_ko_36545248.mp3	thirties	male_masculine
common_voice_ko_36545254.mp3	thirties	male_masculine
common_voice_ko_36545255.mp3	thirties	male_masculine
common_voice_ko_36545256.mp3	thirties	male_masculine
common_voice_ko_36545257.mp3	thirties	male_masculine
common_voice_ko_36545258.mp3	thirties	male_masculine
common_voice_ko_36545264.mp3	thirties	male_masculine
common_voice_ko_36545265.mp3	thirties	male_masculine
common_voice_ko_36545267.mp3	thirties	male_masculine
common_voice_ko_36545268.mp3	thirties	male_masculine
common_voice_ko_36545269.mp3	thirties	male_masculine
common_voice_ko_36545270.mp3	thirties	male_masculine
common_voice_ko_36545272.mp3	thirties	male_masculine
common_voice_ko_36545273.mp3	thirties	male_masculine
common_voice_ko_36552124.mp3	thirties	male_masculine
common_voice_ko_36552127.mp3	thirties	male_masculine
common_voice_ko_36552128.mp3	thirties	male_masculine
common_voice_ko_35904811.mp3	twenties	male_masculine
common_voice_ko_35904816.mp3	twenties	male_masculine
common_voice_ko_35904865.mp3	twenties	male_masculine
common_voice_ko_35904867.mp3	twenties	male_masculine
common_voice_ko_35904871.mp3	twenties	male_masculine
common_voice_ko_35904923.mp3	twenties	male_masculine
common_voice_ko_35904924.mp3	twenties	male_masculine
common_voice_ko_35904925.mp3	twenties	male_masculine
common_voice_ko_35905257.mp3	twenties	male_masculine
common_voice_ko_35905260.mp3	twenties	male_masculine
common_voice_ko_35905264.mp3	twenties	male_masculine
common_voice_ko_35905298.mp3	twenties	male_masculine
common_voice_ko_35905300.mp3	twenties	male_masculine
common_voice_ko_35905303.mp3	twenties	male_masculine
common_voice_ko_35905371.mp3	twenties	male_masculine
common_voice_ko_35905373.mp3	twenties	male_masculine
common_voice_ko_35905374.mp3	twenties	male_masculine
common_voice_ko_35905375.mp3	twenties	male_masculine
common_voice_ko_35905376.mp3	twenties	male_masculine
common_voice_ko_35905424.mp3	twenties	male_masculine
common_voice_ko_35905435.mp3	twenties	male_masculine
common_voice_ko_35905437.mp3	twenties	male_masculine
common_voice_ko_35905469.mp3	twenties	male_masculine
common_voice_ko_35905471.mp3	twenties	male_masculine
common_voice_ko_35905473.mp3	twenties	male_masculine
common_voice_ko_35905905.mp3	twenties	male_masculine
common_voice_ko_35905908.mp3	twenties	male_masculine
common_voice_ko_35905909.mp3	twenties	male_masculine
common_voice_ko_36524775.mp3	twenties	male_masculine
common_voice_ko_36524808.mp3	twenties	male_masculine
common_voice_ko_36524809.mp3	twenties	male_masculine
common_voice_ko_36524843.mp3	twenties	male_masculine
common_voice_ko_36524845.mp3	twenties	male_masculine
common_voice_ko_36524846.mp3	twenties	male_masculine
common_voice_ko_36524847.mp3	twenties	male_masculine
common_voice_ko_36524853.mp3	twenties	male_masculine
common_voice_ko_36524855.mp3	twenties	male_masculine
common_voice_ko_36524856.mp3	twenties	male_masculine
common_voice_ko_36524857.mp3	twenties	male_masculine
common_voice_ko_36524868.mp3	twenties	male_masculine
common_voice_ko_36524870.mp3	twenties	male_masculine
common_voice_ko_36524871.mp3	twenties	male_masculine
common_voice_ko_36524880.mp3	twenties	male_masculine
common_voice_ko_36524882.mp3	twenties	male_masculine
common_voice_ko_36524888.mp3	twenties	male_masculine
common_voice_ko_36524889.mp3	twenties	male_masculine
common_voice_ko_36524898.mp3	twenties	male_masculine
common_voice_ko_36524900.mp3	twenties	male_masculine
common_voice_ko_36524902.mp3	twenties	male_masculine
common_voice_ko_36524903.mp3	twenties	male_masculine
common_voice_ko_36524916.mp3	twenties	male_masculine
common_voice_ko_36524917.mp3	twenties	male_masculine
common_voice_ko_36524929.mp3	twenties	male_masculine
common_voice_ko_36524930.mp3	twenties	male_masculine
common_voice_ko_36524931.mp3	twenties	male_masculine
common_voice_ko_36524937.mp3	twenties	male_masculine
common_voice_ko_36524938.mp3	twenties	male_masculine
common_voice_ko_36524939.mp3	twenties	male_masculine
common_voice_ko_36524950.mp3	twenties	male_masculine
common_voice_ko_36524951.mp3	twenties	male_masculine
common_voice_ko_36524952.mp3	twenties	male_masculine
common_voice_ko_36524953.mp3	twenties	male_masculine
common_voice_ko_36524982.mp3	twenties	male_masculine
common_voice_ko_36524983.mp3	twenties	male_masculine
common_voice_ko_36524984.mp3	twenties	male_masculine
common_voice_ko_36524997.mp3	twenties	male_masculine
common_voice_ko_36524998.mp3	twenties	male_masculine
common_voice_ko_36525000.mp3	twenties	male_masculine
common_voice_ko_36525001.mp3	twenties	male_masculine
common_voice_ko_36525116.mp3	twenties	male_masculine
common_voice_ko_36525118.mp3	twenties	male_masculine
common_voice_ko_36525119.mp3	twenties	male_masculine
common_voice_ko_36525120.mp3	twenties	male_masculine
common_voice_ko_36525130.mp3	twenties	male_masculine
common_voice_ko_36525131.mp3	twenties	male_masculine
common_voice_ko_36525133.mp3	twenties	male_masculine
common_voice_ko_36525134.mp3	twenties	male_masculine
common_voice_ko_36525146.mp3	twenties	male_masculine
common_voice_ko_36525148.mp3	twenties	male_masculine
common_voice_ko_36525149.mp3	twenties	male_masculine
common_voice_ko_36525151.mp3	twenties	male_masculine
common_voice_ko_36525167.mp3	twenties	male_masculine
common_voice_ko_36525199.mp3	twenties	male_masculine
common_voice_ko_36525200.mp3	twenties	male_masculine
common_voice_ko_36525202.mp3	twenties	male_masculine
common_voice_ko_36525263.mp3	twenties	male_masculine
common_voice_ko_36525264.mp3	twenties	male_masculine
common_voice_ko_36525266.mp3	twenties	male_masculine
common_voice_ko_36525267.mp3	twenties	male_masculine
common_voice_ko_35850231.mp3	thirties	male_masculine
common_voice_ko_35850233.mp3	thirties	male_masculine
common_voice_ko_35850234.mp3	thirties	male_masculine
common_voice_ko_35850365.mp3	thirties	male_masculine
common_voice_ko_35850368.mp3	thirties	male_masculine
common_voice_ko_35850370.mp3	thirties	male_masculine
common_voice_ko_35850371.mp3	thirties	male_masculine
common_voice_ko_35850372.mp3	thirties	male_masculine
common_voice_ko_35850420.mp3	thirties	male_masculine
common_voice_ko_35850422.mp3	thirties	male_masculine
common_voice_ko_35850423.mp3	thirties	male_masculine
common_voice_ko_35850425.mp3	thirties	male_masculine
common_voice_ko_35850426.mp3	thirties	male_masculine
common_voice_ko_35850466.mp3	thirties	male_masculine
common_voice_ko_35850472.mp3	thirties	male_masculine
common_voice_ko_35850476.mp3	thirties	male_masculine
common_voice_ko_35850516.mp3	thirties	male_masculine
common_voice_ko_35850517.mp3	thirties	male_masculine
common_voice_ko_35850518.mp3	thirties	male_masculine
common_voice_ko_35850519.mp3	thirties	male_masculine
common_voice_ko_35850520.mp3	thirties	male_masculine
common_voice_ko_35850616.mp3	thirties	male_masculine
common_voice_ko_35850617.mp3	thirties	male_masculine
common_voice_ko_35850619.mp3	thirties	male_masculine
common_voice_ko_35850620.mp3	thirties	male_masculine
common_voice_ko_35850623.mp3	thirties	male_masculine
common_voice_ko_35850705.mp3	thirties	male_masculine
common_voice_ko_35850706.mp3	thirties	male_masculine
common_voice_ko_35850708.mp3	thirties	male_masculine
common_voice_ko_35850710.mp3	thirties	male_masculine
common_voice_ko_35850711.mp3	thirties	male_masculine
common_voice_ko_35850745.mp3	thirties	male_masculine
common_voice_ko_35850746.mp3	thirties	male_masculine
common_voice_ko_35850747.mp3	thirties	male_masculine
common_voice_ko_35850748.mp3	thirties	male_masculine
common_voice_ko_35850749.mp3	thirties	male_masculine
common_voice_ko_35850780.mp3	thirties	male_masculine
common_voice_ko_35850784.mp3	thirties	male_masculine
common_voice_ko_35850786.mp3	thirties	male_masculine
common_voice_ko_35850787.mp3	thirties	male_masculine
common_voice_ko_35850834.mp3	thirties	male_masculine
common_voice_ko_35850837.mp3	thirties	male_masculine
common_voice_ko_35850838.mp3	thirties	male_masculine
common_voice_ko_35850840.mp3	thirties	male_masculine
common_voice_ko_35850842.mp3	thirties	male_masculine
common_voice_ko_35850875.mp3	thirties	male_masculine
common_voice_ko_35850877.mp3	thirties	male_masculine
common_voice_ko_35850879.mp3	thirties	male_masculine
common_voice_ko_35850880.mp3	thirties	male_masculine
common_voice_ko_35850881.mp3	thirties	male_masculine
common_voice_ko_35852120.mp3	thirties	male_masculine
common_voice_ko_35852122.mp3	thirties	male_masculine
common_voice_ko_35852124.mp3	thirties	male_masculine
common_voice_ko_35852125.mp3	thirties	male_masculine
common_voice_ko_35852127.mp3	thirties	male_masculine
common_voice_ko_35852201.mp3	thirties	male_masculine
common_voice_ko_35852202.mp3	thirties	male_masculine
common_voice_ko_35852204.mp3	thirties	male_masculine
common_voice_ko_35852205.mp3	thirties	male_masculine
common_voice_ko_35852207.mp3	thirties	male_masculine
common_voice_ko_35852235.mp3	thirties	male_masculine
common_voice_ko_35852236.mp3	thirties	male_masculine
common_voice_ko_35852237.mp3	thirties	male_masculine
common_voice_ko_35852238.mp3	thirties	male_masculine
common_voice_ko_35852239.mp3	thirties	male_masculine
common_voice_ko_35887285.mp3	thirties	male_masculine
common_voice_ko_35887286.mp3	thirties	male_masculine
common_voice_ko_35887287.mp3	thirties	male_masculine
common_voice_ko_35887288.mp3	thirties	male_masculine
common_voice_ko_35887289.mp3	thirties	male_masculine
common_voice_ko_35972929.mp3	thirties	male_masculine
common_voice_ko_35972930.mp3	thirties	male_masculine
common_voice_ko_35972931.mp3	thirties	male_masculine
common_voice_ko_35972932.mp3	thirties	male_masculine
common_voice_ko_35972933.mp3	thirties	male_masculine
common_voice_ko_35845682.mp3	twenties	female_feminine
common_voice_ko_35845802.mp3	twenties	female_feminine
common_voice_ko_35845804.mp3	twenties	female_feminine
common_voice_ko_35845806.mp3	twenties	female_feminine
common_voice_ko_35845836.mp3	twenties	female_feminine
common_voice_ko_35845838.mp3	twenties	female_feminine
common_voice_ko_35845839.mp3	twenties	female_feminine
common_voice_ko_35845871.mp3	twenties	female_feminine
common_voice_ko_35845873.mp3	twenties	female_feminine
common_voice_ko_35845874.mp3	twenties	female_feminine
common_voice_ko_35845876.mp3	twenties	female_feminine
common_voice_ko_35845931.mp3	twenties	female_feminine
common_voice_ko_35845932.mp3	twenties	female_feminine
common_voice_ko_35845933.mp3	twenties	female_feminine
common_voice_ko_35845934.mp3	twenties	female_feminine
common_voice_ko_35845987.mp3	twenties	female_feminine
common_voice_ko_35845988.mp3	twenties	female_feminine
common_voice_ko_35845989.mp3	twenties	female_feminine
common_voice_ko_35846031.mp3	twenties	female_feminine
common_voice_ko_35846032.mp3	twenties	female_feminine
common_voice_ko_35846034.mp3	twenties	female_feminine
common_voice_ko_35846067.mp3	twenties	female_feminine
common_voice_ko_35846097.mp3	twenties	female_feminine
common_voice_ko_35846099.mp3	twenties	female_feminine
common_voice_ko_35846100.mp3	twenties	female_feminine
common_voice_ko_35846190.mp3	twenties	female_feminine
common_voice_ko_35846194.mp3	twenties	female_feminine
common_voice_ko_35846212.mp3	twenties	female_feminine
common_voice_ko_35846213.mp3	twenties	female_feminine
common_voice_ko_35846214.mp3	twenties	female_feminine
common_voice_ko_35846215.mp3	twenties	female_feminine
common_voice_ko_35846247.mp3	twenties	female_feminine
common_voice_ko_35846249.mp3	twenties	female_feminine
common_voice_ko_35846250.mp3	twenties	female_feminine
common_voice_ko_35846251.mp3	twenties	female_feminine
common_voice_ko_35846266.mp3	twenties	female_feminine
common_voice_ko_35846267.mp3	twenties	female_feminine
common_voice_ko_35846269.mp3	twenties	female_feminine
common_voice_ko_35846271.mp3	twenties	female_feminine
common_voice_ko_35846273.mp3	twenties	female_feminine
common_voice_ko_35846326.mp3	twenties	female_feminine
common_voice_ko_35846328.mp3	twenties	female_feminine
common_voice_ko_35846330.mp3	twenties	female_feminine
common_voice_ko_35846331.mp3	twenties	female_feminine
common_voice_ko_35846334.mp3	twenties	female_feminine
common_voice_ko_35846364.mp3	twenties	female_feminine
common_voice_ko_35846365.mp3	twenties	female_feminine
common_voice_ko_35846366.mp3	twenties	female_feminine
common_voice_ko_35846367.mp3	twenties	female_feminine
common_voice_ko_35846368.mp3	twenties	female_feminine
common_voice_ko_35846392.mp3	twenties	female_feminine
common_voice_ko_35846396.mp3	twenties	female_feminine
common_voice_ko_35846397.mp3	twenties	female_feminine
common_voice_ko_35846400.mp3	twenties	female_feminine
common_voice_ko_35846423.mp3	twenties	female_feminine
common_voice_ko_35846427.mp3	twenties	female_feminine
common_voice_ko_35846428.mp3	twenties	female_feminine
common_voice_ko_35846462.mp3	twenties	female_feminine
common_voice_ko_35846507.mp3	twenties	female_feminine
common_voice_ko_35846508.mp3	twenties	female_feminine
common_voice_ko_35846510.mp3	twenties	female_feminine
common_voice_ko_35846511.mp3	twenties	female_feminine
common_voice_ko_35846512.mp3	twenties	female_feminine
common_voice_ko_35846578.mp3	twenties	female_feminine
common_voice_ko_35846580.mp3	twenties	female_feminine
common_voice_ko_35846581.mp3	twenties	female_feminine
common_voice_ko_35846583.mp3	twenties	female_feminine
common_voice_ko_35846614.mp3	twenties	female_feminine
common_voice_ko_35846616.mp3	twenties	female_feminine
common_voice_ko_35846617.mp3	twenties	female_feminine
common_voice_ko_35846619.mp3	twenties	female_feminine
common_voice_ko_35846620.mp3	twenties	female_feminine
common_voice_ko_35846641.mp3	twenties	female_feminine
common_voice_ko_35846643.mp3	twenties	female_feminine
common_voice_ko_35846644.mp3	twenties	female_feminine
common_voice_ko_35846677.mp3	twenties	female_feminine
common_voice_ko_35846680.mp3	twenties	female_feminine
common_voice_ko_36549580.mp3	fourties	male_masculine
common_voice_ko_36549583.mp3	fourties	male_masculine
common_voice_ko_36549592.mp3	fourties	male_masculine
common_voice_ko_36549593.mp3	fourties	male_masculine
common_voice_ko_36549594.mp3	fourties	male_masculine
common_voice_ko_36549597.mp3	fourties	male_masculine
common_voice_ko_36549602.mp3	fourties	male_masculine
common_voice_ko_36549604.mp3	fourties	male_masculine
common_voice_ko_36549605.mp3	fourties	male_masculine
common_voice_ko_36549606.mp3	fourties	male_masculine
common_voice_ko_36549607.mp3	fourties	male_masculine
common_voice_ko_36549611.mp3	fourties	male_masculine
common_voice_ko_36549612.mp3	fourties	male_masculine
common_voice_ko_36549616.mp3	fourties	male_masculine
common_voice_ko_36549617.mp3	fourties	male_masculine
common_voice_ko_36549618.mp3	fourties	male_masculine
common_voice_ko_36549620.mp3	fourties	male_masculine
common_voice_ko_36549622.mp3	fourties	male_masculine
common_voice_ko_36549624.mp3	fourties	male_masculine
common_voice_ko_36549626.mp3	fourties	male_masculine
common_voice_ko_36549627.mp3	fourties	male_masculine
common_voice_ko_36549628.mp3	fourties	male_masculine
common_voice_ko_36549629.mp3	fourties	male_masculine
common_voice_ko_36549630.mp3	fourties	male_masculine
common_voice_ko_36549631.mp3	fourties	male_masculine
common_voice_ko_36549644.mp3	fourties	male_masculine
common_voice_ko_36549645.mp3	fourties	male_masculine
common_voice_ko_36549647.mp3	fourties	male_masculine
common_voice_ko_36549648.mp3	fourties	male_masculine
common_voice_ko_38203217.mp3	fourties	male_masculine
common_voice_ko_38203218.mp3	fourties	male_masculine
common_voice_ko_38203222.mp3	fourties	male_masculine
common_voice_ko_38203226.mp3	fourties	male_masculine
common_voice_ko_38203227.mp3	fourties	male_masculine
common_voice_ko_38203231.mp3	fourties	male_masculine
common_voice_ko_38203232.mp3	fourties	male_masculine
common_voice_ko_38203235.mp3	fourties	male_masculine
common_voice_ko_38203236.mp3	fourties	male_masculine
common_voice_ko_38203246.mp3	fourties	male_masculine
common_voice_ko_38203247.mp3	fourties	male_masculine
common_voice_ko_38203249.mp3	fourties	male_masculine
common_voice_ko_38203261.mp3	fourties	male_masculine
common_voice_ko_38203263.mp3	fourties	male_masculine
common_voice_ko_38203264.mp3	fourties	male_masculine
common_voice_ko_38203272.mp3	fourties	male_masculine
common_voice_ko_38203273.mp3	fourties	male_masculine
common_voice_ko_38203275.mp3	fourties	male_masculine
common_voice_ko_38203296.mp3	fourties	male_masculine
common_voice_ko_38203297.mp3	fourties	male_masculine
common_voice_ko_38203299.mp3	fourties	male_masculine
common_voice_ko_38203311.mp3	fourties	male_masculine
common_voice_ko_38203312.mp3	fourties	male_masculine
common_voice_ko_38203322.mp3	fourties	male_masculine
common_voice_ko_38203323.mp3	fourties	male_masculine
common_voice_ko_38203324.mp3	fourties	male_masculine
common_voice_ko_38203325.mp3	fourties	male_masculine
common_voice_ko_38203336.mp3	fourties	male_masculine
common_voice_ko_38203337.mp3	fourties	male_masculine
common_voice_ko_38203408.mp3	fourties	male_masculine
common_voice_ko_38203411.mp3	fourties	male_masculine
common_voice_ko_38203412.mp3	fourties	male_masculine
common_voice_ko_38203413.mp3	fourties	male_masculine
common_voice_ko_38203460.mp3	fourties	male_masculine
common_voice_ko_38203462.mp3	fourties	male_masculine
common_voice_ko_38203463.mp3	fourties	male_masculine
common_voice_ko_38203479.mp3	fourties	male_masculine
common_voice_ko_38203480.mp3	fourties	male_masculine
common_voice_ko_38203499.mp3	fourties	male_masculine
common_voice_ko_38203500.mp3	fourties	male_masculine
common_voice_ko_38203526.mp3	fourties	male_masculine
common_voice_ko_38203527.mp3	fourties	male_masculine
common_voice_ko_38203530.mp3	fourties	male_masculine
common_voice_ko_38203539.mp3	fourties	male_masculine
common_voice_ko_38203541.mp3	fourties	male_masculine
common_voice_ko_38203542.mp3	fourties	male_masculine
common_voice_ko_38203550.mp3	fourties	male_masculine
common_voice_ko_38203551.mp3	fourties	male_masculine
common_voice_ko_38203553.mp3	fourties	male_masculine
common_voice_ko_38203554.mp3	fourties	male_masculine
common_voice_ko_38203566.mp3	fourties	male_masculine
common_voice_ko_38203567.mp3	fourties	male_masculine
common_voice_ko_38203568.mp3	fourties	male_masculine
common_voice_ko_38203569.mp3	fourties	male_masculine
common_voice_ko_38203570.mp3	fourties	male_masculine
common_voice_ko_38203578.mp3	fourties	male_masculine
common_voice_ko_38203580.mp3	fourties	male_masculine
common_voice_ko_38203581.mp3	fourties	male_masculine
common_voice_ko_38203593.mp3	fourties	male_masculine
common_voice_ko_38203594.mp3	fourties	male_masculine
common_voice_ko_38203596.mp3	fourties	male_masculine
common_voice_ko_38203597.mp3	fourties	male_masculine
common_voice_ko_38203598.mp3	fourties	male_masculine
common_voice_ko_38203614.mp3	fourties	male_masculine
common_voice_ko_38203616.mp3	fourties	male_masculine
common_voice_ko_38203618.mp3	fourties	male_masculine
common_voice_ko_36880067.mp3	twenties	female_feminine
common_voice_ko_36880068.mp3	twenties	female_feminine
common_voice_ko_36880069.mp3	twenties	female_feminine
common_voice_ko_36880070.mp3	twenties	female_feminine
common_voice_ko_36880071.mp3	twenties	female_feminine
common_voice_ko_36880073.mp3	twenties	female_feminine
common_voice_ko_36880074.mp3	twenties	female_feminine
common_voice_ko_36880075.mp3	twenties	female_feminine
common_voice_ko_36880076.mp3	twenties	female_feminine
common_voice_ko_36880077.mp3	twenties	female_feminine
common_voice_ko_36880078.mp3	twenties	female_feminine
common_voice_ko_36880080.mp3	twenties	female_feminine
common_voice_ko_36880081.mp3	twenties	female_feminine
common_voice_ko_36880299.mp3	twenties	female_feminine
common_voice_ko_36880300.mp3	twenties	female_feminine
common_voice_ko_36880301.mp3	twenties	female_feminine
common_voice_ko_36880302.mp3	twenties	female_feminine
common_voice_ko_36880303.mp3	twenties	female_feminine
common_voice_ko_36880304.mp3	twenties	female_feminine
common_voice_ko_36880306.mp3	twenties	female_feminine
common_voice_ko_36880307.mp3	twenties	female_feminine
common_voice_ko_36880308.mp3	twenties	female_feminine
common_voice_ko_36880309.mp3	twenties	female_feminine
common_voice_ko_36880310.mp3	twenties	female_feminine
common_voice_ko_36880312.mp3	twenties	female_feminine
common_voice_ko_36880313.mp3	twenties	female_feminine
common_voice_ko_36880315.mp3	twenties	female_feminine
common_voice_ko_36880316.mp3	twenties	female_feminine
common_voice_ko_36880322.mp3	twenties	female_feminine
common_voice_ko_36880323.mp3	twenties	female_feminine
common_voice_ko_36880324.mp3	twenties	female_feminine
common_voice_ko_36880325.mp3	twenties	female_feminine
common_voice_ko_36880333.mp3	twenties	female_feminine
common_voice_ko_36880336.mp3	twenties	female_feminine
common_voice_ko_36880341.mp3	twenties	female_feminine
common_voice_ko_36880342.mp3	twenties	female_feminine
common_voice_ko_36880343.mp3	twenties	female_feminine
common_voice_ko_36880354.mp3	twenties	female_feminine
common_voice_ko_36880355.mp3	twenties	female_feminine
common_voice_ko_36880357.mp3	twenties	female_feminine
common_voice_ko_36880358.mp3	twenties	female_feminine
common_voice_ko_36880359.mp3	twenties	female_feminine
common_voice_ko_36880363.mp3	twenties	female_feminine
common_voice_ko_36880364.mp3	twenties	female_feminine
common_voice_ko_36880365.mp3	twenties	female_feminine
common_voice_ko_36880366.mp3	twenties	female_feminine
common_voice_ko_36880367.mp3	twenties	female_feminine
common_voice_ko_36880372.mp3	twenties	female_feminine
common_voice_ko_36880373.mp3	twenties	female_feminine
common_voice_ko_36880380.mp3	twenties	female_feminine
common_voice_ko_36880381.mp3	twenties	female_feminine
common_voice_ko_36880382.mp3	twenties	female_feminine
common_voice_ko_36880386.mp3	twenties	female_feminine
common_voice_ko_36880388.mp3	twenties	female_feminine
common_voice_ko_36880393.mp3	twenties	female_feminine
common_voice_ko_36880394.mp3	twenties	female_feminine
common_voice_ko_36880395.mp3	twenties	female_feminine
common_voice_ko_36880400.mp3	twenties	female_feminine
common_voice_ko_36880401.mp3	twenties	female_feminine
common_voice_ko_36880402.mp3	twenties	female_feminine
common_voice_ko_36880403.mp3	twenties	female_feminine
common_voice_ko_36880404.mp3	twenties	female_feminine
common_voice_ko_36880405.mp3	twenties	female_feminine
common_voice_ko_36880406.mp3	twenties	female_feminine
common_voice_ko_36880407.mp3	twenties	female_feminine
common_voice_ko_36880408.mp3	twenties	female_feminine
common_voice_ko_36880409.mp3	twenties	female_feminine
common_voice_ko_36880410.mp3	twenties	female_feminine
common_voice_ko_36880411.mp3	twenties	female_feminine
common_voice_ko_36880412.mp3	twenties	female_feminine
common_voice_ko_36880413.mp3	twenties	female_feminine
common_voice_ko_36880414.mp3	twenties	female_feminine
common_voice_ko_36880415.mp3	twenties	female_feminine
common_voice_ko_36880417.mp3	twenties	female_feminine
common_voice_ko_36880418.mp3	twenties	female_feminine
common_voice_ko_36880419.mp3	twenties	female_feminine
common_voice_ko_36880421.mp3	twenties	female_feminine
common_voice_ko_36880422.mp3	twenties	female_feminine
common_voice_ko_36880423.mp3	twenties	female_feminine
common_voice_ko_36880425.mp3	twenties	female_feminine
common_voice_ko_36880426.mp3	twenties	female_feminine
common_voice_ko_39745083.mp3	twenties	female_feminine
common_voice_ko_39745084.mp3	twenties	female_feminine
common_voice_ko_39745087.mp3	twenties	female_feminine
common_voice_ko_39745088.mp3	twenties	female_feminine
common_voice_ko_39745089.mp3	twenties	female_feminine
common_voice_ko_39745090.mp3	twenties	female_feminine
common_voice_ko_39745091.mp3	twenties	female_feminine
common_voice_ko_39745093.mp3	twenties	female_feminine
common_voice_ko_39745114.mp3	twenties	female_feminine
common_voice_ko_39745115.mp3	twenties	female_feminine
common_voice_ko_39745121.mp3	twenties	female_feminine
common_voice_ko_39745123.mp3	twenties	female_feminine
common_voice_ko_39745124.mp3	twenties	female_feminine
common_voice_ko_39745125.mp3	twenties	female_feminine
common_voice_ko_39745127.mp3	twenties	female_feminine
common_voice_ko_39745148.mp3	twenties	female_feminine
common_voice_ko_39745150.mp3	twenties	female_feminine
common_voice_ko_39745163.mp3	twenties	female_feminine
common_voice_ko_39745164.mp3	twenties	female_feminine
common_voice_ko_39745166.mp3	twenties	female_feminine
common_voice_ko_39745188.mp3	twenties	female_feminine
common_voice_ko_39745191.mp3	twenties	female_feminine
common_voice_ko_39745208.mp3	twenties	female_feminine
common_voice_ko_39745210.mp3	twenties	female_feminine
common_voice_ko_39745211.mp3	twenties	female_feminine
common_voice_ko_39745230.mp3	twenties	female_feminine
common_voice_ko_39745231.mp3	twenties	female_feminine
common_voice_ko_36880087.mp3	twenties	male_masculine
common_voice_ko_36880090.mp3	twenties	male_masculine
common_voice_ko_36880096.mp3	twenties	male_masculine
common_voice_ko_36880097.mp3	twenties	male_masculine
common_voice_ko_36880098.mp3	twenties	male_masculine
common_voice_ko_36880102.mp3	twenties	male_masculine
common_voice_ko_36880103.mp3	twenties	male_masculine
common_voice_ko_36880104.mp3	twenties	male_masculine
common_voice_ko_36880105.mp3	twenties	male_masculine
common_voice_ko_36880106.mp3	twenties	male_masculine
common_voice_ko_36880112.mp3	twenties	male_masculine
common_voice_ko_36880114.mp3	twenties	male_masculine
common_voice_ko_36880115.mp3	twenties	male_masculine
common_voice_ko_36880116.mp3	twenties	male_masculine
common_voice_ko_36880117.mp3	twenties	male_masculine
common_voice_ko_36880123.mp3	twenties	male_masculine
common_voice_ko_36880124.mp3	twenties	male_masculine
common_voice_ko_36880125.mp3	twenties	male_masculine
common_voice_ko_36880127.mp3	twenties	male_masculine
common_voice_ko_36880128.mp3	twenties	male_masculine
common_voice_ko_36880130.mp3	twenties	male_masculine
common_voice_ko_36880133.mp3	twenties	male_masculine
common_voice_ko_36880134.mp3	twenties	male_masculine
common_voice_ko_36880135.mp3	twenties	male_masculine
common_voice_ko_36880136.mp3	twenties	male_masculine
common_voice_ko_36880140.mp3	twenties	male_masculine
common_voice_ko_36880142.mp3	twenties	male_masculine
common_voice_ko_36880148.mp3	twenties	male_masculine
common_voice_ko_36880149.mp3	twenties	male_masculine
common_voice_ko_36880150.mp3	twenties	male_masculine
common_voice_ko_36880151.mp3	twenties	male_masculine
common_voice_ko_36880152.mp3	twenties	male_masculine
common_voice_ko_36880159.mp3	twenties	male_masculine
common_voice_ko_36880160.mp3	twenties	male_masculine
common_voice_ko_36880161.mp3	twenties	male_masculine
common_voice_ko_36880162.mp3	twenties	male_masculine
common_voice_ko_36880167.mp3	twenties	male_masculine
common_voice_ko_36880168.mp3	twenties	male_masculine
common_voice_ko_36880169.mp3	twenties	male_masculine
common_voice_ko_36880170.mp3	twenties	male_masculine
common_voice_ko_36880174.mp3	twenties	male_masculine
common_voice_ko_36880175.mp3	twenties	male_masculine
common_voice_ko_36880176.mp3	twenties	male_masculine
common_voice_ko_36880177.mp3	twenties	male_masculine
common_voice_ko_36880178.mp3	twenties	male_masculine
common_voice_ko_36880180.mp3	twenties	male_masculine
common_voice_ko_36880181.mp3	twenties	male_masculine
common_voice_ko_36880182.mp3	twenties	male_masculine
common_voice_ko_36880183.mp3	twenties	male_masculine
common_voice_ko_36880184.mp3	twenties	male_masculine
common_voice_ko_36880185.mp3	twenties	male_masculine
common_voice_ko_36880186.mp3	twenties	male_masculine
common_voice_ko_36880187.mp3	twenties	male_masculine
common_voice_ko_36880188.mp3	twenties	male_masculine
common_voice_ko_36880189.mp3	twenties	male_masculine
common_voice_ko_36880190.mp3	twenties	male_masculine
common_voice_ko_36880191.mp3	twenties	male_masculine
common_voice_ko_36880192.mp3	twenties	male_masculine
common_voice_ko_36880193.mp3	twenties	male_masculine
common_voice_ko_36880194.mp3	twenties	male_masculine
common_voice_ko_36880195.mp3	twenties	male_masculine
common_voice_ko_36880196.mp3	twenties	male_masculine
common_voice_ko_36880197.mp3	twenties	male_masculine
common_voice_ko_36880198.mp3	twenties	male_masculine
common_voice_ko_36880200.mp3	twenties	male_masculine
common_voice_ko_36880201.mp3	twenties	male_masculine
common_voice_ko_36880202.mp3	twenties	male_masculine
common_voice_ko_36880204.mp3	twenties	male_masculine
common_voice_ko_36880206.mp3	twenties	male_masculine
common_voice_ko_36880207.mp3	twenties	male_masculine
common_voice_ko_36880208.mp3	twenties	male_masculine
common_voice_ko_36880209.mp3	twenties	male_masculine
common_voice_ko_36880210.mp3	twenties	male_masculine
common_voice_ko_36880211.mp3	twenties	male_masculine
common_voice_ko_36880213.mp3	twenties	male_masculine
common_voice_ko_36880214.mp3	twenties	male_masculine
common_voice_ko_36880215.mp3	twenties	male_masculine
common_voice_ko_36880216.mp3	twenties	male_masculine
common_voice_ko_36880217.mp3	twenties	male_masculine
common_voice_ko_36880218.mp3	twenties	male_masculine
common_voice_ko_36880220.mp3	twenties	male_masculine
common_voice_ko_36880221.mp3	twenties	male_masculine
common_voice_ko_36880224.mp3	twenties	male_masculine
common_voice_ko_36880225.mp3	twenties	male_masculine
common_voice_ko_36880226.mp3	twenties	male_masculine
common_voice_ko_36880227.mp3	twenties	male_masculine
common_voice_ko_36880228.mp3	twenties	male_masculine
common_voice_ko_36880229.mp3	twenties	male_masculine
common_voice_ko_36880230.mp3	twenties	male_masculine
common_voice_ko_36880232.mp3	twenties	male_masculine
common_voice_ko_36880233.mp3	twenties	male_masculine
common_voice_ko_36880234.mp3	twenties	male_masculine
common_voice_ko_36880235.mp3	twenties	male_masculine
common_voice_ko_36880236.mp3	twenties	male_masculine
common_voice_ko_36880238.mp3	twenties	male_masculine
common_voice_ko_36880239.mp3	twenties	male_masculine
common_voice_ko_36880240.mp3	twenties	male_masculine
common_voice_ko_36880241.mp3	twenties	male_masculine
common_voice_ko_36880242.mp3	twenties	male_masculine
common_voice_ko_36880248.mp3	twenties	male_masculine
common_voice_ko_36880249.mp3	twenties	male_masculine
common_voice_ko_36880250.mp3	twenties	male_masculine
common_voice_ko_36880252.mp3	twenties	male_masculine
common_voice_ko_36880263.mp3	twenties	male_masculine
common_voice_ko_36880264.mp3	twenties	male_masculine
common_voice_ko_36880267.mp3	twenties	male_masculine
common_voice_ko_36880273.mp3	twenties	male_masculine
common_voice_ko_36880274.mp3	twenties	male_masculine
common_voice_ko_36880275.mp3	twenties	male_masculine
common_voice_ko_36880276.mp3	twenties	male_masculine
common_voice_ko_36880278.mp3	twenties	male_masculine
common_voice_ko_36880279.mp3	twenties	male_masculine
common_voice_ko_36880280.mp3	twenties	male_masculine
common_voice_ko_36880281.mp3	twenties	male_masculine
common_voice_ko_39744720.mp3	twenties	male_masculine
common_voice_ko_39744721.mp3	twenties	male_masculine
common_voice_ko_39744723.mp3	twenties	male_masculine
common_voice_ko_39744724.mp3	twenties	male_masculine
common_voice_ko_39744743.mp3	twenties	male_masculine
common_voice_ko_39744755.mp3	twenties	male_masculine
common_voice_ko_39744766.mp3	twenties	male_masculine
common_voice_ko_39744767.mp3	twenties	male_masculine
common_voice_ko_39744786.mp3	twenties	male_masculine
common_voice_ko_39744787.mp3	twenties	male_masculine
common_voice_ko_39744795.mp3	twenties	male_masculine
common_voice_ko_39744797.mp3	twenties	male_masculine
common_voice_ko_39744815.mp3	twenties	male_masculine
common_voice_ko_39744817.mp3	twenties	male_masculine
common_voice_ko_39744818.mp3	twenties	male_masculine
common_voice_ko_39744819.mp3	twenties	male_masculine
common_voice_ko_39744820.mp3	twenties	male_masculine
common_voice_ko_39744822.mp3	twenties	male_masculine
common_voice_ko_39744823.mp3	twenties	male_masculine
common_voice_ko_39744837.mp3	twenties	male_masculine
common_voice_ko_39744838.mp3	twenties	male_masculine
common_voice_ko_39744839.mp3	twenties	male_masculine
common_voice_ko_39744841.mp3	twenties	male_masculine
common_voice_ko_39744842.mp3	twenties	male_masculine
common_voice_ko_39744859.mp3	twenties	male_masculine
common_voice_ko_39744860.mp3	twenties	male_masculine
common_voice_ko_39744862.mp3	twenties	male_masculine
common_voice_ko_39744863.mp3	twenties	male_masculine
common_voice_ko_39744879.mp3	twenties	male_masculine
common_voice_ko_39744881.mp3	twenties	male_masculine
common_voice_ko_39744882.mp3	twenties	male_masculine
common_voice_ko_39744885.mp3	twenties	male_masculine
common_voice_ko_39744886.mp3	twenties	male_masculine
common_voice_ko_39744889.mp3	twenties	male_masculine
common_voice_ko_39744891.mp3	twenties	male_masculine
common_voice_ko_39744900.mp3	twenties	male_masculine
common_voice_ko_39744902.mp3	twenties	male_masculine
common_voice_ko_39744904.mp3	twenties	male_masculine
common_voice_ko_39744905.mp3	twenties	male_masculine
common_voice_ko_39744906.mp3	twenties	male_masculine
common_voice_ko_39744908.mp3	twenties	male_masculine
common_voice_ko_39744926.mp3	twenties	male_masculine
common_voice_ko_39744928.mp3	twenties	male_masculine
common_voice_ko_39744941.mp3	twenties	male_masculine
common_voice_ko_39744943.mp3	twenties	male_masculine
common_voice_ko_39744959.mp3	twenties	male_masculine
common_voice_ko_39744960.mp3	twenties	male_masculine
common_voice_ko_39744962.mp3	twenties	male_masculine
common_voice_ko_39744963.mp3	twenties	male_masculine
common_voice_ko_39744965.mp3	twenties	male_masculine
common_voice_ko_39744966.mp3	twenties	male_masculine
common_voice_ko_39744984.mp3	twenties	male_masculine
common_voice_ko_39744986.mp3	twenties	male_masculine
common_voice_ko_39744987.mp3	twenties	male_masculine
common_voice_ko_39744999.mp3	twenties	male_masculine
common_voice_ko_39745013.mp3	twenties	male_masculine
common_voice_ko_39745015.mp3	twenties	male_masculine
common_voice_ko_39745016.mp3	twenties	male_masculine
common_voice_ko_39745038.mp3	twenties	male_masculine
common_voice_ko_39745040.mp3	twenties	male_masculine
common_voice_ko_39745042.mp3	twenties	male_masculine
common_voice_ko_39745052.mp3	twenties	male_masculine
common_voice_ko_39745054.mp3	twenties	male_masculine
common_voice_ko_35844067.mp3	thirties	male_masculine
common_voice_ko_35844070.mp3	thirties	male_masculine
common_voice_ko_35844071.mp3	thirties	male_masculine
common_voice_ko_35844160.mp3	thirties	male_masculine
common_voice_ko_35844162.mp3	thirties	male_masculine
common_voice_ko_35844164.mp3	thirties	male_masculine
common_voice_ko_35844225.mp3	thirties	male_masculine
common_voice_ko_35844292.mp3	thirties	male_masculine
common_voice_ko_35844299.mp3	thirties	male_masculine
common_voice_ko_35844396.mp3	thirties	male_masculine
common_voice_ko_35844398.mp3	thirties	male_masculine
common_voice_ko_35844399.mp3	thirties	male_masculine
common_voice_ko_35844525.mp3	thirties	male_masculine
common_voice_ko_35844527.mp3	thirties	male_masculine
common_voice_ko_35844528.mp3	thirties	male_masculine
common_voice_ko_35844566.mp3	thirties	male_masculine
common_voice_ko_35844568.mp3	thirties	male_masculine
common_voice_ko_35844569.mp3	thirties	male_masculine
common_voice_ko_35844570.mp3	thirties	male_masculine
common_voice_ko_35844571.mp3	thirties	male_masculine
common_voice_ko_35845146.mp3	thirties	male_masculine
common_voice_ko_35845148.mp3	thirties	male_masculine
common_voice_ko_35845149.mp3	thirties	male_masculine
common_voice_ko_35845150.mp3	thirties	male_masculine
common_voice_ko_35845151.mp3	thirties	male_masculine
common_voice_ko_35845211.mp3	thirties	male_masculine
common_voice_ko_35845212.mp3	thirties	male_masculine
common_voice_ko_35845213.mp3	thirties	male_masculine
common_voice_ko_35845417.mp3	thirties	male_masculine
common_voice_ko_35845419.mp3	thirties	male_masculine
common_voice_ko_35845420.mp3	thirties	male_masculine
common_voice_ko_35845422.mp3	thirties	male_masculine
common_voice_ko_35845598.mp3	thirties	male_masculine
common_voice_ko_35845739.mp3	thirties	male_masculine
common_voice_ko_35845741.mp3	thirties	male_masculine
common_voice_ko_35845743.mp3	thirties	male_masculine
common_voice_ko_35845746.mp3	thirties	male_masculine
common_voice_ko_35845748.mp3	thirties	male_masculine
common_voice_ko_35845957.mp3	thirties	male_masculine
common_voice_ko_35845958.mp3	thirties	male_masculine
common_voice_ko_35847345.mp3	thirties	male_masculine
common_voice_ko_35847347.mp3	thirties	male_masculine
common_voice_ko_35847348.mp3	thirties	male_masculine
common_voice_ko_35847828.mp3	thirties	male_masculine
common_voice_ko_35848034.mp3	thirties	male_masculine
common_voice_ko_35848037.mp3	thirties	male_masculine
common_voice_ko_35848083.mp3	thirties	male_masculine
common_voice_ko_35848085.mp3	thirties	male_masculine
common_voice_ko_35848087.mp3	thirties	male_masculine
common_voice_ko_35848148.mp3	thirties	male_masculine
common_voice_ko_35848155.mp3	thirties	male_masculine
common_voice_ko_35848268.mp3	thirties	male_masculine
common_voice_ko_35848269.mp3	thirties	male_masculine
common_voice_ko_35848354.mp3	thirties	male_masculine
common_voice_ko_35848359.mp3	thirties	male_masculine
common_voice_ko_35848398.mp3	thirties	male_masculine
common_voice_ko_35848401.mp3	thirties	male_masculine
common_voice_ko_35848402.mp3	thirties	male_masculine
common_voice_ko_35848499.mp3	thirties	male_masculine
common_voice_ko_35848501.mp3	thirties	male_masculine
common_voice_ko_35848502.mp3	thirties	male_masculine
common_voice_ko_35890610.mp3	thirties	male_masculine
common_voice_ko_35890635.mp3	thirties	male_masculine
common_voice_ko_35890674.mp3	thirties	male_masculine
common_voice_ko_35890675.mp3	thirties	male_masculine
common_voice_ko_35890698.mp3	thirties	male_masculine
common_voice_ko_35890699.mp3	thirties	male_masculine
common_voice_ko_35890728.mp3	thirties	male_masculine
common_voice_ko_35890736.mp3	thirties	male_masculine
common_voice_ko_35890774.mp3	thirties	male_masculine
common_voice_ko_35890804.mp3	thirties	male_masculine
common_voice_ko_35890848.mp3	thirties	male_masculine
common_voice_ko_35890923.mp3	thirties	male_masculine
common_voice_ko_35890924.mp3	thirties	male_masculine
common_voice_ko_35890942.mp3	thirties	male_masculine
common_voice_ko_35890972.mp3	thirties	male_masculine
common_voice_ko_35890974.mp3	thirties	male_masculine
common_voice_ko_35890975.mp3	thirties	male_masculine
common_voice_ko_35890976.mp3	thirties	male_masculine
common_voice_ko_35891028.mp3	thirties	male_masculine
common_voice_ko_35891029.mp3	thirties	male_masculine
common_voice_ko_35891183.mp3	thirties	male_masculine
common_voice_ko_35891245.mp3	thirties	male_masculine
common_voice_ko_35891312.mp3	thirties	male_masculine
common_voice_ko_35891313.mp3	thirties	male_masculine
common_voice_ko_35891349.mp3	thirties	male_masculine
common_voice_ko_35891357.mp3	thirties	male_masculine
common_voice_ko_35891385.mp3	thirties	male_masculine
common_voice_ko_35891392.mp3	thirties	male_masculine
common_voice_ko_35891436.mp3	thirties	male_masculine
common_voice_ko_35891440.mp3	thirties	male_masculine
common_voice_ko_35891443.mp3	thirties	male_masculine
common_voice_ko_35891446.mp3	thirties	male_masculine
common_voice_ko_35891556.mp3	thirties	male_masculine
common_voice_ko_35891559.mp3	thirties	male_masculine
common_voice_ko_35891711.mp3	thirties	male_masculine
common_voice_ko_35891712.mp3	thirties	male_masculine
common_voice_ko_35891713.mp3	thirties	male_masculine
common_voice_ko_35891715.mp3	thirties	male_masculine
common_voice_ko_35891855.mp3	thirties	male_masculine
common_voice_ko_35891857.mp3	thirties	male_masculine
common_voice_ko_35891859.mp3	thirties	male_masculine
common_voice_ko_35892031.mp3	thirties	male_masculine
common_voice_ko_35892130.mp3	thirties	male_masculine
common_voice_ko_35892265.mp3	thirties	male_masculine
common_voice_ko_35892266.mp3	thirties	male_masculine
common_voice_ko_35969003.mp3	thirties	male_masculine
common_voice_ko_35969048.mp3	thirties	male_masculine
common_voice_ko_35969071.mp3	thirties	male_masculine
common_voice_ko_35969073.mp3	thirties	male_masculine
common_voice_ko_35969074.mp3	thirties	male_masculine
common_voice_ko_35969101.mp3	thirties	male_masculine
common_voice_ko_35969102.mp3	thirties	male_masculine
common_voice_ko_35969103.mp3	thirties	male_masculine
common_voice_ko_35969104.mp3	thirties	male_masculine
common_voice_ko_35969129.mp3	thirties	male_masculine
common_voice_ko_35969182.mp3	thirties	male_masculine
common_voice_ko_35969210.mp3	thirties	male_masculine
common_voice_ko_35969214.mp3	thirties	male_masculine
common_voice_ko_35969238.mp3	thirties	male_masculine
common_voice_ko_35969239.mp3	thirties	male_masculine
common_voice_ko_35969310.mp3	thirties	male_masculine
common_voice_ko_35969408.mp3	thirties	male_masculine
common_voice_ko_35969443.mp3	thirties	male_masculine
common_voice_ko_35969657.mp3	thirties	male_masculine
common_voice_ko_35969658.mp3	thirties	male_masculine
common_voice_ko_35969812.mp3	thirties	male_masculine
common_voice_ko_35969821.mp3	thirties	male_masculine
common_voice_ko_35969916.mp3	thirties	male_masculine
common_voice_ko_35969923.mp3	thirties	male_masculine
common_voice_ko_35970009.mp3	thirties	male_masculine
common_voice_ko_35970011.mp3	thirties	male_masculine
common_voice_ko_35970151.mp3	thirties	male_masculine
common_voice_ko_35970153.mp3	thirties	male_masculine
common_voice_ko_35970158.mp3	thirties	male_masculine
common_voice_ko_35970246.mp3	thirties	male_masculine
common_voice_ko_35970310.mp3	thirties	male_masculine
common_voice_ko_35970431.mp3	thirties	male_masculine
common_voice_ko_35970490.mp3	thirties	male_masculine
common_voice_ko_35970492.mp3	thirties	male_masculine
common_voice_ko_35970604.mp3	thirties	male_masculine
common_voice_ko_35970759.mp3	thirties	male_masculine
common_voice_ko_35970760.mp3	thirties	male_masculine
common_voice_ko_35970827.mp3	thirties	male_masculine
common_voice_ko_35970828.mp3	thirties	male_masculine
common_voice_ko_35970882.mp3	thirties	male_masculine
common_voice_ko_35970990.mp3	thirties	male_masculine
common_voice_ko_35970995.mp3	thirties	male_masculine
common_voice_ko_35970998.mp3	thirties	male_masculine
common_voice_ko_35971276.mp3	thirties	male_masculine
common_voice_ko_35971317.mp3	thirties	male_masculine
common_voice_ko_35971339.mp3	thirties	male_masculine
common_voice_ko_35971343.mp3	thirties	male_masculine
common_voice_ko_35971399.mp3	thirties	male_masculine
common_voice_ko_35971401.mp3	thirties	male_masculine
common_voice_ko_35971403.mp3	thirties	male_masculine
common_voice_ko_35971942.mp3	thirties	male_masculine
common_voice_ko_35971984.mp3	thirties	male_masculine
common_voice_ko_35972194.mp3	thirties	male_masculine
common_voice_ko_35972201.mp3	thirties	male_masculine
common_voice_ko_35972248.mp3	thirties	male_masculine
common_voice_ko_35972591.mp3	thirties	male_masculine
common_voice_ko_35972594.mp3	thirties	male_masculine
common_voice_ko_35972877.mp3	thirties	male_masculine
common_voice_ko_35972879.mp3	thirties	male_masculine
common_voice_ko_35972978.mp3	thirties	male_masculine
common_voice_ko_35972979.mp3	thirties	male_masculine
common_voice_ko_35973061.mp3	thirties	male_masculine
common_voice_ko_36899332.mp3	thirties	male_masculine
common_voice_ko_36899333.mp3	thirties	male_masculine
common_voice_ko_36899339.mp3	thirties	male_masculine
common_voice_ko_36899340.mp3	thirties	male_masculine
common_voice_ko_36899346.mp3	thirties	male_masculine
common_voice_ko_36899350.mp3	thirties	male_masculine
common_voice_ko_36899352.mp3	thirties	male_masculine
common_voice_ko_36899357.mp3	thirties	male_masculine
common_voice_ko_36899359.mp3	thirties	male_masculine
common_voice_ko_36899360.mp3	thirties	male_masculine
common_voice_ko_36899363.mp3	thirties	male_masculine
common_voice_ko_36899424.mp3	thirties	male_masculine
common_voice_ko_36899425.mp3	thirties	male_masculine
common_voice_ko_36899429.mp3	thirties	male_masculine
common_voice_ko_36899438.mp3	thirties	male_masculine
common_voice_ko_36899446.mp3	thirties	male_masculine
common_voice_ko_36899449.mp3	thirties	male_masculine
common_voice_ko_36899450.mp3	thirties	male_masculine
common_voice_ko_36899456.mp3	thirties	male_masculine
common_voice_ko_36899459.mp3	thirties	male_masculine
common_voice_ko_36899463.mp3	thirties	male_masculine
common_voice_ko_36899467.mp3	thirties	male_masculine
common_voice_ko_36899479.mp3	thirties	male_masculine
common_voice_ko_36899486.mp3	thirties	male_masculine
common_voice_ko_36899491.mp3	thirties	male_masculine
common_voice_ko_36984491.mp3	thirties	male_masculine
common_voice_ko_36984942.mp3	thirties	male_masculine
common_voice_ko_36984962.mp3	thirties	male_masculine
common_voice_ko_36984972.mp3	thirties	male_masculine
common_voice_ko_36985007.mp3	thirties	male_masculine
common_voice_ko_36985008.mp3	thirties	male_masculine
common_voice_ko_36985020.mp3	thirties	male_masculine
common_voice_ko_36985030.mp3	thirties	male_masculine
common_voice_ko_36985046.mp3	thirties	male_masculine
common_voice_ko_36985073.mp3	thirties	male_masculine
common_voice_ko_36985085.mp3	thirties	male_masculine
common_voice_ko_36985086.mp3	thirties	male_masculine
common_voice_ko_36985124.mp3	thirties	male_masculine
common_voice_ko_36985125.mp3	thirties	male_masculine
common_voice_ko_36985126.mp3	thirties	male_masculine
common_voice_ko_36985141.mp3	thirties	male_masculine
common_voice_ko_36985143.mp3	thirties	male_masculine
common_voice_ko_36985149.mp3	thirties	male_masculine
common_voice_ko_36985150.mp3	thirties	male_masculine
common_voice_ko_36985152.mp3	thirties	male_masculine
common_voice_ko_36985179.mp3	thirties	male_masculine
common_voice_ko_37247267.mp3	thirties	male_masculine